gene_1,mHG_stat,mHG_pval,mHG_cutoff,cutoff_val,t_stat,t_pval,w_stat,w_pval,Log2FoldChange,Log2FoldChangeAbs,TP,TN,q_value
CD39_TotalSeqC,1.7498532703771344e-56,1.2899638477695498e-54,348,25.001,8.939573643126273,3.5485972710505094e-17,15.96333163023561,2.3011288754331056e-57,2.0831977474618038,2.0831977474618038,0.5018050541516246,0.9025641025641026,3.8698915433086494e-54
CD39_TotalSeqC_negation,1.0,1.0,0,0.001,-8.939573643126273,3.5485972710505094e-17,-15.96333163023561,2.3011288754331056e-57,2.0831979026090197,2.0831979026090197,0.0,1.0,1.0
CX3CR1_TotalSeqC,1.1634483399032049e-18,4.608902352611786e-17,535,5.001,0.29987615698390974,0.7642982313655436,8.66607988420634,4.472532028577138e-18,0.09878545732537995,0.09878545732537995,0.4404332129963899,0.8074592074592074,9.217804705223572e-17
CX3CR1_TotalSeqC_negation,0.9999995216996025,0.9999999811718033,494,-1.999,-0.29987615698390974,0.7642982313655436,-8.66607988420634,4.472532028577138e-18,0.0987854922478972,0.0987854922478972,0.09747292418772563,0.7822843822843822,1.0
NKG2D_TotalSeqC,6.57326935811831e-125,5.313153303815723e-123,446,14.001,16.398124188439077,2.339852256861248e-43,20.301940739045165,1.2360552911567155e-91,2.913723007997642,2.913723007997642,0.7833935018050542,0.8932400932400932,3.1878919822894335e-122
NKG2D_TotalSeqC_negation,1.0,1.0,0,0.001,-16.398124188439077,2.339852256861248e-43,-20.301940739045165,1.2360552911567155e-91,2.9137233314004107,2.9137233314004107,0.0,1.0,1.0
