gene_1,mHG_stat,mHG_pval,mHG_cutoff,cutoff_val,t_stat,t_pval,w_stat,w_pval,Log2FoldChange,Log2FoldChangeAbs,TP,TN,q_value
CD39_TotalSeqC,2.5275789758999166e-73,2.5103874036555444e-71,990,9.001,11.557556727217579,1.5233551001863876e-26,18.07087415134863,5.405048906078132e-73,1.9811130177339873,1.9811130177339873,0.7383720930232558,0.7515192437542201,7.531162210966633e-71
CD39_TotalSeqC_negation,1.0,1.0,0,0.001,-11.557556727217579,1.5233551001863876e-26,-18.07087415134863,5.405048906078132e-73,1.9811131880135826,1.9811131880135826,0.0,1.0,1.0
CX3CR1_TotalSeqC,1.5585979172090152e-32,1.039318361243801e-30,296,4.001,4.988511131413641,8.731678082386256e-07,12.612970667138406,1.7911211192913978e-36,1.0451149292680881,1.0451149292680881,0.24709302325581395,0.9287643484132343,2.078636722487602e-30
CX3CR1_TotalSeqC_negation,1.0,1.0,0,0.001,-4.988511131413641,8.731678082386256e-07,-12.612970667138406,1.7911211192913978e-36,1.045115757866006,1.045115757866006,0.0,1.0,1.0
NKG2D_TotalSeqC,3.251813692803499e-178,3.224546966336108e-176,835,7.001,22.09311861687119,9.025891483741903e-70,24.132612122293065,1.136942598332885e-128,2.6308661178458776,2.6308661178458776,0.9244186046511628,0.8254557731262661,1.9347281798016646e-175
NKG2D_TotalSeqC_negation,1.0,1.0,0,0.001,-22.09311861687119,9.025891483741903e-70,-24.132612122293065,1.136942598332885e-128,2.6308663552800597,2.6308663552800597,0.0,1.0,1.0
